1.633639369413067102e+09,-2.898947007946311386e-03,6.786900405885601950e-01,2.162369157812518150e-01,8.952950533223258844e+01
1.633639369417798519e+09,-2.898947007946311386e-03,6.786900405885601950e-01,2.162369157812518150e-01,8.952950533223258844e+01
1.633639369491117001e+09,-2.901080430321689198e-03,6.786976458137325974e-01,2.162282574560981385e-01,8.952779296299129896e+01
1.633639369494263887e+09,-2.899003548895424161e-03,6.787075862746433375e-01,2.162304861366455278e-01,8.952402028931686573e+01
1.633639369496588707e+09,-2.899003548895424161e-03,6.787075862746433375e-01,2.162304861366455278e-01,8.952402028931686573e+01
1.633639369499901295e+09,-2.901022982101885122e-03,6.787189079373328049e-01,2.162322418167706983e-01,8.951863040155764395e+01
1.633639369576720715e+09,-2.899129221387596479e-03,6.787572706776776599e-01,2.161433819274086732e-01,8.950295601734551099e+01
1.633639369583689928e+09,-2.899111377513099996e-03,6.787527918283083883e-01,2.161215292930655785e-01,8.950479373124497329e+01
1.633639369674129486e+09,-2.898863891561241288e-03,6.786626797801140754e-01,2.157019852888495681e-01,8.953835980967211583e+01
1.633639369678528309e+09,-2.898844701141036102e-03,6.786579812893930308e-01,2.156798070023875358e-01,8.954011073892405648e+01
1.633639369680955887e+09,-2.898844701141036102e-03,6.786579812893930308e-01,2.156798070023875358e-01,8.954011073892405648e+01
1.633639369746649504e+09,-2.900705826223591230e-03,6.786186609651718715e-01,2.153166484007238424e-01,8.955799677163211925e+01
1.633639369749285221e+09,-2.900705826223591230e-03,6.786186609651718715e-01,2.153166484007238424e-01,8.955799677163211925e+01
1.633639369753396749e+09,-2.898699396896201909e-03,6.786165958977342649e-01,2.152681510109128449e-01,8.955827805124665986e+01
1.633639369755772352e+09,-2.898699396896201909e-03,6.786165958977342649e-01,2.152681510109128449e-01,8.955827805124665986e+01
1.633639369828765154e+09,-2.900585468445150954e-03,6.786200549382198632e-01,2.148213338121586213e-01,8.955197406203576804e+01
1.633639369831386089e+09,-2.901695646353884186e-03,6.786207299609077204e-01,2.147952810344252450e-01,8.955130106981583538e+01
1.633639369835223198e+09,-2.900691366632848593e-03,6.786203838800864974e-01,2.147678088403009167e-01,8.955099977863415006e+01
1.633639369837575674e+09,-2.900691366632848593e-03,6.786203838800864974e-01,2.147678088403009167e-01,8.955099977863415006e+01
1.633639369924589157e+09,-2.900399376542701652e-03,6.786307590728778427e-01,2.142049389321869501e-01,8.953987536146316017e+01
1.633639369928129673e+09,-2.900392719501040245e-03,6.786307921857225312e-01,2.141769499473796801e-01,8.953962858369057187e+01
1.633639369930775881e+09,-2.898455928040246082e-03,6.786302624739176670e-01,2.141492168918171513e-01,8.953961145634326613e+01
1.633639369933469296e+09,-2.898455928040246082e-03,6.786302624739176670e-01,2.141492168918171513e-01,8.953961145634326613e+01
1.633639369995908737e+09,-2.900338183771399275e-03,6.786266057820111719e-01,2.137453916556581179e-01,8.953842728126878114e+01
1.633639369999028444e+09,-2.898335626945967511e-03,6.786258818951450555e-01,2.136912830303796529e-01,8.953846537295406449e+01
1.633639370002406359e+09,-2.898331518593266071e-03,6.786264853924819374e-01,2.136646573515441627e-01,8.953814540194400706e+01
1.633639370005451679e+09,-2.898331518593266071e-03,6.786264853924819374e-01,2.136646573515441627e-01,8.953814540194400706e+01
1.633639370084771156e+09,-2.898224581031041015e-03,6.786238385769336467e-01,2.132343046084719251e-01,8.953694235278723568e+01
1.633639370092978716e+09,-2.896824593970483575e-03,6.786216003337914859e-01,2.130687375132335748e-01,8.953703983535585564e+01
1.633639370164038658e+09,-2.898019298061586205e-03,6.786177109877371549e-01,2.126625096280531368e-01,8.953746601173010333e+01
1.633639370166600704e+09,-2.898012739839844060e-03,6.786171602543580317e-01,2.126415041633116787e-01,8.953755111564386482e+01
1.633639370170031071e+09,-2.898004069968955574e-03,6.786161477521840402e-01,2.126196277773477472e-01,8.953766792836471211e+01
1.633639370174299240e+09,-2.899989025718050471e-03,6.786163958241273608e-01,2.125984264185341588e-01,8.953775138952133261e+01
1.633639370239315033e+09,-2.896579537284257704e-03,6.786101926252143812e-01,2.121476220554246728e-01,8.953694492976848096e+01
1.633639370242424488e+09,-2.895304286045585242e-03,6.786095411125681043e-01,2.121151179523128594e-01,8.953682696556614928e+01
1.633639370246550322e+09,-2.896564575019338044e-03,6.786101945898335153e-01,2.120839128071105861e-01,8.953651598170274895e+01
1.633639370317422628e+09,-2.895119233341353869e-03,6.785946749216396068e-01,2.115305419643645768e-01,8.953787545045946672e+01
1.633639370320680618e+09,-2.896374537805955756e-03,6.785940073700156283e-01,2.114977272892784310e-01,8.953790206499529347e+01
1.633639370323584318e+09,-2.896308756614647886e-03,6.785940810365740372e-01,2.114667766973493679e-01,8.953781280097703643e+01
1.633639370326722383e+09,-2.896354292043812166e-03,6.785922715924124216e-01,2.114333048512903046e-01,8.953817668793712414e+01
1.633639370386446476e+09,-2.896242560462268002e-03,6.785875999168018424e-01,2.110231233915536575e-01,8.953685372458153324e+01
1.633639370389163494e+09,-2.896242560462268002e-03,6.785875999168018424e-01,2.110231233915536575e-01,8.953685372458153324e+01
1.633639370395179272e+09,-2.894953057442515611e-03,6.785868980910381154e-01,2.109276241745122182e-01,8.953650398516941777e+01
1.633639370457418680e+09,-2.894821078583344372e-03,6.785794448485895636e-01,2.104461153223709524e-01,8.953710883418840183e+01
1.633639370461767912e+09,-2.892927822149349033e-03,6.785766450322173737e-01,2.103808530589488801e-01,8.953777364164309915e+01
1.633639370464438438e+09,-2.892927822149349033e-03,6.785766450322173737e-01,2.103808530589488801e-01,8.953777364164309915e+01
1.633639370466635227e+09,-2.894785351511861698e-03,6.785752556897027832e-01,2.103490927988495018e-01,8.953798878261865468e+01
1.633639370536065817e+09,-2.892751891109185403e-03,6.785631846406031675e-01,2.098033321693893172e-01,8.953913493780841293e+01
1.633639370539524794e+09,-2.892623271617184456e-03,6.785623098561096578e-01,2.097704181467878182e-01,8.953924109694698075e+01
1.633639370543154240e+09,-2.892727597819574545e-03,6.785609674164306826e-01,2.097367083121124409e-01,8.953899590339497649e+01
1.633639370608418703e+09,-2.891327478078525946e-03,6.785476488742835377e-01,2.092237509867067857e-01,8.954000316016853844e+01
1.633639370613165855e+09,-2.892553419622958307e-03,6.785464470779327684e-01,2.091916813547145537e-01,8.954021321130321098e+01
1.633639370616531849e+09,-2.891189901157914521e-03,6.785460561424997428e-01,2.091609760528668760e-01,8.954020896273766539e+01
1.633639370684165955e+09,-2.891163965746192197e-03,6.785404754550404816e-01,2.086313550333954714e-01,8.953794124289204603e+01
1.633639370686774015e+09,-2.889461631078228156e-03,6.785385740909702923e-01,2.085994948762823209e-01,8.953845731818364584e+01
1.633639370691724300e+09,-2.891027363015840051e-03,6.785390954304099109e-01,2.085683585552494113e-01,8.953813083338296508e+01
1.633639370758457899e+09,-2.889188293196724277e-03,6.785284869940434449e-01,2.080553539878753910e-01,8.953936095466688982e+01
1.633639370760997295e+09,-2.889188293196724277e-03,6.785284869940434449e-01,2.080553539878753910e-01,8.953936095466688982e+01
1.633639370764422417e+09,-2.889179916639589719e-03,6.785278878867654351e-01,2.080251846953034556e-01,8.953952425520736824e+01
1.633639370766583204e+09,-2.889179916639589719e-03,6.785278878867654351e-01,2.080251846953034556e-01,8.953952425520736824e+01
1.633639370839647293e+09,-2.887774682327275914e-03,6.785186514555142656e-01,2.074464768240444901e-01,8.953795537070305954e+01
1.633639370843173981e+09,-2.891042973699881058e-03,6.785174439443060201e-01,2.074151559749152773e-01,8.953799192838361876e+01
1.633639370846413612e+09,-2.889230787842110570e-03,6.785177515000433424e-01,2.073863941683435630e-01,8.953786054474292655e+01
1.633639370848858356e+09,-2.889230787842110570e-03,6.785177515000433424e-01,2.073863941683435630e-01,8.953786054474292655e+01
1.633639370923375130e+09,-2.887760016818479401e-03,6.785026371440092685e-01,2.068411428391934703e-01,8.953970741527871269e+01
1.633639370926826000e+09,-2.887865715850728397e-03,6.785011677901100491e-01,2.068104045236310029e-01,8.953998364184133152e+01
1.633639370929228067e+09,-2.887865715850728397e-03,6.785011677901100491e-01,2.068104045236310029e-01,8.953998364184133152e+01
1.633639370932183504e+09,-2.887728124295347448e-03,6.784995252154566447e-01,2.067489967061492961e-01,8.954002636901967094e+01
1.633639371006918907e+09,-2.887912529408607088e-03,6.784870351322837001e-01,2.062066987050127365e-01,8.954020583379517007e+01
1.633639371010830879e+09,-2.887785238546414744e-03,6.784862066451626816e-01,2.061775851947666993e-01,8.954019946469973945e+01
1.633639371013359308e+09,-2.887785238546414744e-03,6.784862066451626816e-01,2.061775851947666993e-01,8.954019946469973945e+01
1.633639371015633106e+09,-2.887785238546414744e-03,6.784862066451626816e-01,2.061775851947666993e-01,8.954019946469973945e+01
1.633639371097980499e+09,-2.887717883443351174e-03,6.784730247353998323e-01,2.055469808845766244e-01,8.954175567861115326e+01
1.633639371100555420e+09,-2.887717883443351174e-03,6.784730247353998323e-01,2.055469808845766244e-01,8.954175567861115326e+01
1.633639371103244066e+09,-2.886415025394384326e-03,6.784732100910459973e-01,2.055192767083424410e-01,8.954138219901780360e+01
1.633639371175804853e+09,-2.886492449130124201e-03,6.784614474918053695e-01,2.050111400175620713e-01,8.954176131995448884e+01
1.633639371179329634e+09,-2.886486021137274829e-03,6.784612850191010791e-01,2.049844671548027297e-01,8.954173126535745553e+01
1.633639371182396889e+09,-2.886479525795352958e-03,6.784612720750381465e-01,2.049572545345458019e-01,8.954153336401962804e+01
1.633639371184554100e+09,-2.886479525795352958e-03,6.784612720750381465e-01,2.049572545345458019e-01,8.954153336401962804e+01
1.633639371252118349e+09,-2.886572955393825694e-03,6.784512880215111119e-01,2.044938936399238183e-01,8.954165358594804047e+01
1.633639371254751682e+09,-2.884547479910950715e-03,6.784499151768458303e-01,2.044634227970622553e-01,8.954201985263381403e+01
1.633639371259578228e+09,-2.884658354296004007e-03,6.784497383751350030e-01,2.044359875584391140e-01,8.954209199337958580e+01
1.633639371331756115e+09,-2.884693075918018206e-03,6.784419738769112973e-01,2.039351542120234340e-01,8.954171859427172819e+01
1.633639371335838318e+09,-2.886695659579479895e-03,6.784404844060955009e-01,2.039055305961006981e-01,8.954204084639462735e+01
1.633639371339113712e+09,-2.886695659579479895e-03,6.784404844060955009e-01,2.039055305961006981e-01,8.954204084639462735e+01
1.633639371414345980e+09,-2.883395280833387329e-03,6.784288875409265618e-01,2.033550030853007451e-01,8.954256431719339560e+01
1.633639371418662310e+09,-2.884741829060019115e-03,6.784283259561210144e-01,2.033253508520480590e-01,8.954260978077556388e+01
1.633639371422377586e+09,-2.884741829060019115e-03,6.784283259561210144e-01,2.033253508520480590e-01,8.954260978077556388e+01
1.633639371500159264e+09,-2.884741374328730467e-03,6.784170200030464892e-01,2.027505324400828424e-01,8.954129077147884175e+01
1.633639371503973484e+09,-2.884731018115736529e-03,6.784159032636054576e-01,2.027219882982302379e-01,8.954144858887379144e+01
1.633639371507367611e+09,-2.883366774179566428e-03,6.784154724509959822e-01,2.026933143059530540e-01,8.954111413122701890e+01
1.633639371575326204e+09,-2.884686394232585400e-03,6.784034977479127537e-01,2.022080482272194391e-01,8.954187571084881370e+01
1.633639371579125404e+09,-2.884673312561483131e-03,6.784017096848200534e-01,2.021772884577358043e-01,8.954222426131433110e+01
1.633639371585396290e+09,-2.884667033931727267e-03,6.784015947500620092e-01,2.021489463602326175e-01,8.954227622188561497e+01
1.633639371662881851e+09,-2.886663801328557145e-03,6.783851932576133725e-01,2.015645827836576587e-01,8.954326263420639975e+01
1.633639371666464329e+09,-2.883344746078806732e-03,6.783846493726393145e-01,2.015370723062193115e-01,8.954311524676526801e+01
1.633639371670780659e+09,-2.883391339219932431e-03,6.783833810604791292e-01,2.015060039018354843e-01,8.954323785172321948e+01
1.633639371732955933e+09,-2.884707213750180993e-03,6.783674431209606448e-01,2.010544839174277509e-01,8.954590154710142258e+01
1.633639371736222744e+09,-2.884696372008395838e-03,6.783662690169264264e-01,2.010245407177168875e-01,8.954607748355246599e+01
1.633639371739527464e+09,-2.883330452402849478e-03,6.783650142389821003e-01,2.009946417745001046e-01,8.954631808973677209e+01
1.633639371741771936e+09,-2.884675662451997077e-03,6.783643951134081806e-01,2.009659571412502344e-01,8.954605313318712945e+01
1.633639371818029404e+09,-2.884632226318170189e-03,6.783570038915045508e-01,2.004005299281576002e-01,8.954387241074175563e+01
1.633639371823458672e+09,-2.884622933998887660e-03,6.783563305585226244e-01,2.003716692277519029e-01,8.954380802237503190e+01
1.633639371826691151e+09,-2.884615401935030059e-03,6.783560871579427110e-01,2.003409784204894795e-01,8.954380943694057748e+01
1.633639371912835598e+09,-2.884688566164871331e-03,6.783472610776052347e-01,1.997646930729150283e-01,8.954408552009519440e+01
1.633639371915665150e+09,-2.884666578046167062e-03,6.783468729871632297e-01,1.996751717580594332e-01,8.954370638849798070e+01
1.633639371918297529e+09,-2.884666578046167062e-03,6.783468729871632297e-01,1.996751717580594332e-01,8.954370638849798070e+01
1.633639371920842648e+09,-2.884666578046167062e-03,6.783468729871632297e-01,1.996751717580594332e-01,8.954370638849798070e+01
1.633639371984793186e+09,-2.886475181465257642e-03,6.783382346567032872e-01,1.991817961951779792e-01,8.954256109225666194e+01
1.633639371988131046e+09,-2.884568394163486253e-03,6.783374735795429933e-01,1.991502341190480863e-01,8.954258991038173576e+01
1.633639371991577148e+09,-2.886451604109279909e-03,6.783356695396057789e-01,1.991181145909957095e-01,8.954287672347402349e+01
1.633639371993758440e+09,-2.884546477453430510e-03,6.783353151886735155e-01,1.990868324151540969e-01,8.954285070587651774e+01
1.633639372052783489e+09,-2.886422726633620494e-03,6.783229796704695058e-01,1.986570384009776480e-01,8.954509963846719245e+01
1.633639372055396795e+09,-2.884506722182017969e-03,6.783200585185888976e-01,1.986230459835823525e-01,8.954534350696879130e+01
1.633639372059083223e+09,-2.883143187870191963e-03,6.783197219859254945e-01,1.985912182424601213e-01,8.954521885590139618e+01
1.633639372062401533e+09,-2.884484113848998464e-03,6.783177948257774759e-01,1.985590954302318134e-01,8.954557426138788401e+01
1.633639372118915558e+09,-2.883007871558694504e-03,6.783087599955592850e-01,1.981717228912891204e-01,8.954559294912141354e+01
1.633639372122792006e+09,-2.883007871558694504e-03,6.783087599955592850e-01,1.981717228912891204e-01,8.954559294912141354e+01
1.633639372128875494e+09,-2.886329370665471818e-03,6.783042099280448545e-01,1.980397692670334830e-01,8.954608650669248959e+01
1.633639372188943863e+09,-2.886297167448672457e-03,6.782923193669452289e-01,1.975649140329212294e-01,8.954729709008891803e+01
1.633639372193334818e+09,-2.886291140291883175e-03,6.782925183894152887e-01,1.975335877715156396e-01,8.954721267410830876e+01
1.633639372196396828e+09,-2.886291140291883175e-03,6.782925183894152887e-01,1.975335877715156396e-01,8.954721267410830876e+01
1.633639372198513269e+09,-2.884251894216458695e-03,6.782891327251298064e-01,1.974690674148668612e-01,8.954769718224643782e+01
1.633639372256768227e+09,-2.886129132941943343e-03,6.782796476226867766e-01,1.970332521511249657e-01,8.954726438262483157e+01
1.633639372260120392e+09,-2.886238268528797894e-03,6.782799504371102017e-01,1.970031356413739498e-01,8.954684966636588683e+01
1.633639372263354063e+09,-2.886224556102851869e-03,6.782782629996584323e-01,1.969710080493962678e-01,8.954698745437497109e+01
1.633639372266321898e+09,-2.887456356152973049e-03,6.782782024850734226e-01,1.969407504648111873e-01,8.954680198217985776e+01
1.633639372326664686e+09,-2.887443018878356731e-03,6.782702904171132863e-01,1.964884917261757735e-01,8.954710372933386964e+01
1.633639372330005407e+09,-2.886070798338730321e-03,6.782674566874855593e-01,1.964572417389658654e-01,8.954754985044337445e+01
1.633639372332482815e+09,-2.886070798338730321e-03,6.782674566874855593e-01,1.964572417389658654e-01,8.954754985044337445e+01
1.633639372415791512e+09,-2.885891662349262914e-03,6.782565766905901405e-01,1.958524566266335865e-01,8.954650096838889795e+01
1.633639372420021296e+09,-2.887291266458387202e-03,6.782568413773417682e-01,1.957949928646652293e-01,8.954597857899668156e+01
1.633639372422600508e+09,-2.887291266458387202e-03,6.782568413773417682e-01,1.957949928646652293e-01,8.954597857899668156e+01
1.633639372482990503e+09,-2.887173780647132697e-03,6.782507489277201929e-01,1.953888828940842370e-01,8.954458075778964599e+01
1.633639372486492634e+09,-2.887279383399936773e-03,6.782497536760851986e-01,1.953588769350815824e-01,8.954483885669523602e+01
1.633639372490752697e+09,-2.887142608242399249e-03,6.782476836947608501e-01,1.953005191279811315e-01,8.954483200324898462e+01
1.633639372562472343e+09,-2.887086524670514145e-03,6.782349440203255808e-01,1.947437765198897219e-01,8.954532728879692627e+01
1.633639372565367460e+09,-2.887076042027997974e-03,6.782338795196255488e-01,1.947118794944108777e-01,8.954557236586310864e+01
1.633639372569493055e+09,-2.887076042027997974e-03,6.782338795196255488e-01,1.947118794944108777e-01,8.954557236586310864e+01
1.633639372634611607e+09,-2.888259764085906317e-03,6.782192899423250543e-01,1.941741363906548390e-01,8.954726932231504577e+01
1.633639372638851881e+09,-2.888366066941588407e-03,6.782187616771638838e-01,1.941434096047559843e-01,8.954726706781353585e+01
1.633639372641391277e+09,-2.888366066941588407e-03,6.782187616771638838e-01,1.941434096047559843e-01,8.954726706781353585e+01
1.633639372643620491e+09,-2.888366066941588407e-03,6.782187616771638838e-01,1.941434096047559843e-01,8.954726706781353585e+01
1.633639372709528685e+09,-2.888218732517025891e-03,6.782101287385442490e-01,1.936261160286147365e-01,8.954709036802010758e+01
1.633639372713966608e+09,-2.888325455904551704e-03,6.782096105945525366e-01,1.935972760727186492e-01,8.954710814128375773e+01
1.633639372716474056e+09,-2.888316360506849347e-03,6.782090713862498621e-01,1.935673094498099878e-01,8.954699606891361441e+01
1.633639372785391092e+09,-2.890038275887221644e-03,6.781890401945079860e-01,1.930075270820170719e-01,8.954883865000053333e+01
1.633639372790227413e+09,-2.890038275887221644e-03,6.781890401945079860e-01,1.930075270820170719e-01,8.954883865000053333e+01
1.633639372794600487e+09,-2.888092484229185918e-03,6.781862329775065756e-01,1.929427544182518162e-01,8.954917106255595627e+01
1.633639372869197130e+09,-2.891204685015453298e-03,6.781758394320269723e-01,1.923986977138975596e-01,8.954828156355301871e+01
1.633639372872733116e+09,-2.889837746725298917e-03,6.781746191590987127e-01,1.923681285107435301e-01,8.954814117755326208e+01
1.633639372875408649e+09,-2.889830868034417265e-03,6.781745662556576404e-01,1.923381631261665836e-01,8.954804245707700261e+01
1.633639372877705574e+09,-2.888068097909513542e-03,6.781726987865983602e-01,1.923079046733280340e-01,8.954820010631887328e+01
1.633639372942609310e+09,-2.889731310996554448e-03,6.781608849524447535e-01,1.918612864385919048e-01,8.954898641327984876e+01
1.633639372945203543e+09,-2.889731310996554448e-03,6.781608849524447535e-01,1.918612864385919048e-01,8.954898641327984876e+01
1.633639372947992086e+09,-2.889725258527730146e-03,6.781609168728804926e-01,1.918323572131125365e-01,8.954894825171616901e+01
1.633639372950206518e+09,-2.891067777435767441e-03,6.781593633982222480e-01,1.918021449465870110e-01,8.954925740470332585e+01
1.633639373018987894e+09,-2.889649863344905759e-03,6.781414275088617494e-01,1.912905341215817012e-01,8.955153971401551871e+01
1.633639373023600817e+09,-2.889646728357608222e-03,6.781424712916890307e-01,1.912611617708712686e-01,8.955111054680268978e+01
1.633639373026704311e+09,-2.889639065862640264e-03,6.781422878597103132e-01,1.912306011622967317e-01,8.955098941460440187e+01
1.633639373092119932e+09,-2.890840915550444042e-03,6.781321557670685340e-01,1.907377430689646824e-01,8.954975146712133949e+01
1.633639373095432281e+09,-2.890833152706117053e-03,6.781318290990056008e-01,1.907085308873126828e-01,8.954969566215989119e+01
1.633639373098357916e+09,-2.890938991118022303e-03,6.781312464225192072e-01,1.906788188773172743e-01,8.954975110376108205e+01
1.633639373100517273e+09,-2.890938991118022303e-03,6.781312464225192072e-01,1.906788188773172743e-01,8.954975110376108205e+01
1.633639373167712450e+09,-2.890906054536544496e-03,6.781225971042652567e-01,1.901608220283659834e-01,8.954958360856534227e+01
1.633639373171945572e+09,-2.890896638026788524e-03,6.781220464820579830e-01,1.901299383727393100e-01,8.954944769395012827e+01
1.633639373174508810e+09,-2.890891095575157631e-03,6.781225626284325125e-01,1.900976274393476051e-01,8.954916252957946199e+01
1.633639373236136675e+09,-2.890860565691920694e-03,6.781121656778548168e-01,1.896291603685898719e-01,8.954897550734042966e+01
1.633639373238691092e+09,-2.890850292790844017e-03,6.781112321791523678e-01,1.895991709544201931e-01,8.954901220784213933e+01
1.633639373241314888e+09,-2.890850292790844017e-03,6.781112321791523678e-01,1.895991709544201931e-01,8.954901220784213933e+01
1.633639373302514315e+09,-2.890747208573426694e-03,6.780967377460896950e-01,1.891079876722082664e-01,8.955080015776837854e+01
1.633639373305116415e+09,-2.890747208573426694e-03,6.780967377460896950e-01,1.891079876722082664e-01,8.955080015776837854e+01
1.633639373308540821e+09,-2.890681412791158006e-03,6.780960612495826600e-01,1.890775007831657639e-01,8.955096505594431733e+01
1.633639373368757486e+09,-2.892701768758641507e-03,6.780874466004617185e-01,1.886219345686256377e-01,8.954995440153406605e+01
1.633639373371212482e+09,-2.892701768758641507e-03,6.780874466004617185e-01,1.886219345686256377e-01,8.954995440153406605e+01
1.633639373378163099e+09,-2.892790747127543978e-03,6.780861932558899241e-01,1.885325521625399459e-01,8.954974755082386650e+01
1.633639373435937881e+09,-2.892676057925414740e-03,6.780768042998004397e-01,1.881712240883000598e-01,8.955040634924196752e+01
1.633639373439807892e+09,-2.892656574306158145e-03,6.780750895032567893e-01,1.881107390249044109e-01,8.955060706565377870e+01
1.633639373444281578e+09,-2.892640894725528617e-03,6.780727169111071539e-01,1.880791092948749799e-01,8.955099280876470402e+01
1.633639373504861116e+09,-2.890606186166174915e-03,6.780558854206194530e-01,1.876282610092575298e-01,8.955276294223037326e+01
1.633639373508103132e+09,-2.892584869913488160e-03,6.780557046952702116e-01,1.875982676668506433e-01,8.955259582000348928e+01
1.633639373511580706e+09,-2.892570896825720148e-03,6.780538725313847159e-01,1.875677661246844818e-01,8.955273742362798828e+01
1.633639373513966322e+09,-2.893890909477382384e-03,6.780553483304690987e-01,1.875409827396133933e-01,8.955223267938121978e+01
1.633639373571234226e+09,-2.892494743143118018e-03,6.780453250562389345e-01,1.871299149563567243e-01,8.955177644036741924e+01
1.633639373573753119e+09,-2.892494743143118018e-03,6.780453250562389345e-01,1.871299149563567243e-01,8.955177644036741924e+01
1.633639373576198101e+09,-2.892494743143118018e-03,6.780453250562389345e-01,1.871299149563567243e-01,8.955177644036741924e+01
1.633639373636029243e+09,-2.892578099130971043e-03,6.780341245894037083e-01,1.866648062253559726e-01,8.955252463710739619e+01
1.633639373639899492e+09,-2.892567450458550637e-03,6.780330561616959573e-01,1.866361526666464599e-01,8.955254703310090747e+01
1.633639373642973900e+09,-2.893826510763391167e-03,6.780334931916612851e-01,1.866096264513457670e-01,8.955219003656968368e+01
1.633639373645128727e+09,-2.893826510763391167e-03,6.780334931916612851e-01,1.866096264513457670e-01,8.955219003656968368e+01
1.633639373707521677e+09,-2.892647207214631231e-03,6.780240314495863396e-01,1.861490386064293401e-01,8.955110415360674381e+01
1.633639373710318804e+09,-2.893902974792484858e-03,6.780236138479851515e-01,1.861211977533302475e-01,8.955095791777304726e+01
1.633639373712855101e+09,-2.893902974792484858e-03,6.780236138479851515e-01,1.861211977533302475e-01,8.955095791777304726e+01
1.633639373773591518e+09,-2.893752020255223149e-03,6.780080164124369091e-01,1.856897608537506628e-01,8.955318022451105264e+01
1.633639373776833296e+09,-2.893799728717891002e-03,6.780072879649056139e-01,1.856626817031291343e-01,8.955314928620975934e+01
1.633639373779147863e+09,-2.893799728717891002e-03,6.780072879649056139e-01,1.856626817031291343e-01,8.955314928620975934e+01
1.633639373783218622e+09,-2.893780027452897037e-03,6.780051893488433512e-01,1.856067608585362516e-01,8.955349067156963372e+01
1.633639373838954687e+09,-2.892390682155549821e-03,6.779953983467985612e-01,1.852076712533280989e-01,8.955386890392892951e+01
1.633639373843281507e+09,-2.893643616960361268e-03,6.779943607061882371e-01,1.851776595149050020e-01,8.955383329247243296e+01
1.633639373846436262e+09,-2.892486105836361045e-03,6.779940929486757417e-01,1.851493202452136333e-01,8.955388665671029003e+01
1.633639373904052258e+09,-2.892486479419506366e-03,6.779869080530571690e-01,1.847753565113570140e-01,8.955313367717346296e+01
1.633639373907527447e+09,-2.892466918074662521e-03,6.779847903882343374e-01,1.847199246226338687e-01,8.955350510354735150e+01
1.633639373910434246e+09,-2.892466918074662521e-03,6.779847903882343374e-01,1.847199246226338687e-01,8.955350510354735150e+01
1.633639373912621021e+09,-2.892466918074662521e-03,6.779847903882343374e-01,1.847199246226338687e-01,8.955350510354735150e+01
1.633639373990676880e+09,-2.893579842773965488e-03,6.779769208708387174e-01,1.841769806972119450e-01,8.955279736586359718e+01
1.633639373995019674e+09,-2.892418054306983722e-03,6.779757052038049014e-01,1.841475051388433148e-01,8.955293655865649782e+01
1.633639373998229504e+09,-2.892418054306983722e-03,6.779757052038049014e-01,1.841475051388433148e-01,8.955293655865649782e+01
1.633639374058367491e+09,-2.893651294420252623e-03,6.779662051115854515e-01,1.836761095103099928e-01,8.955213076641149428e+01
1.633639374060953140e+09,-2.893651294420252623e-03,6.779662051115854515e-01,1.836761095103099928e-01,8.955213076641149428e+01
1.633639374063967705e+09,-2.892372170491907309e-03,6.779641422694013819e-01,1.836450944977414124e-01,8.955224168462093814e+01
1.633639374122739553e+09,-2.892220978188124285e-03,6.779507531994590774e-01,1.831831459505431914e-01,8.955346119089779222e+01
1.633639374126810789e+09,-2.892270146558728865e-03,6.779508099134107235e-01,1.831528101322078550e-01,8.955314081073800025e+01
1.633639374129340410e+09,-2.892270146558728865e-03,6.779508099134107235e-01,1.831528101322078550e-01,8.955314081073800025e+01
1.633639374192457438e+09,-2.893593234955411757e-03,6.779353105174459326e-01,1.826643078953793520e-01,8.955425774977715037e+01
1.633639374195854425e+09,-2.892320065868207030e-03,6.779346947439321980e-01,1.826359528221871975e-01,8.955408447568653685e+01
1.633639374198632002e+09,-2.892320065868207030e-03,6.779346947439321980e-01,1.826359528221871975e-01,8.955408447568653685e+01
1.633639374200777292e+09,-2.892320065868207030e-03,6.779346947439321980e-01,1.826359528221871975e-01,8.955408447568653685e+01
1.633639374258471251e+09,-2.893437225562595951e-03,6.779235647685867283e-01,1.821682460713680562e-01,8.955418978064574276e+01
1.633639374261072397e+09,-2.893437225562595951e-03,6.779235647685867283e-01,1.821682460713680562e-01,8.955418978064574276e+01
1.633639374266808510e+09,-2.892147908330720829e-03,6.779203048223639838e-01,1.821062476892912618e-01,8.955468882779149453e+01
1.633639374322251558e+09,-2.893380466322861919e-03,6.779065119341096679e-01,1.816809518680764790e-01,8.955625913308371366e+01
1.633639374327031136e+09,-2.892102408021160389e-03,6.779043928745345227e-01,1.816506466683344700e-01,8.955663994148375195e+01
1.633639374330143452e+09,-2.892098695210978260e-03,6.779050971997652164e-01,1.816228282037549158e-01,8.955636765430773494e+01
1.633639374385600328e+09,-2.892113506857948817e-03,6.779002943191383412e-01,1.812754475452571512e-01,8.955532143407415901e+01
1.633639374389049530e+09,-2.890220123905643760e-03,6.778984988153820002e-01,1.812156033335981797e-01,8.955543047238582233e+01
1.633639374391662359e+09,-2.890220123905643760e-03,6.778984988153820002e-01,1.812156033335981797e-01,8.955543047238582233e+01
1.633639374394922495e+09,-2.890220123905643760e-03,6.778984988153820002e-01,1.812156033335981797e-01,8.955543047238582233e+01
1.633639374451560736e+09,-2.892072989456361768e-03,6.778898356596417818e-01,1.807708180077861326e-01,8.955497035865239752e+01
1.633639374455040693e+09,-2.892062054755709447e-03,6.778885950013097128e-01,1.807410528857757992e-01,8.955517347530694394e+01
1.633639374457620621e+09,-2.891938341488084485e-03,6.778873418783842864e-01,1.807099317808509298e-01,8.955538742137461838e+01
1.633639374460589409e+09,-2.891938341488084485e-03,6.778873418783842864e-01,1.807099317808509298e-01,8.955538742137461838e+01
1.633639374529970646e+09,-2.891948440901357179e-03,6.778759730781948045e-01,1.802065631454457528e-01,8.955457531297842877e+01
1.633639374534611225e+09,-2.891926890491279632e-03,6.778742391866479089e-01,1.801459476087487466e-01,8.955426533721198723e+01
1.633639374537145138e+09,-2.891926890491279632e-03,6.778742391866479089e-01,1.801459476087487466e-01,8.955426533721198723e+01
1.633639374595589638e+09,-2.891895727018460854e-03,6.778636577356034199e-01,1.796962019652383058e-01,8.955355904522683375e+01
1.633639374598606110e+09,-2.891895727018460854e-03,6.778636577356034199e-01,1.796962019652383058e-01,8.955355904522683375e+01
1.633639374601948261e+09,-2.891990046357515581e-03,6.778625682795369478e-01,1.796349915776891959e-01,8.955346616696944295e+01
1.633639374604063272e+09,-2.891990046357515581e-03,6.778625682795369478e-01,1.796349915776891959e-01,8.955346616696944295e+01
1.633639374674689531e+09,-2.889708779235042324e-03,6.778429280527294987e-01,1.791147393544073319e-01,8.955664933320636578e+01
1.633639374678968430e+09,-2.889800453729493308e-03,6.778409730444403536e-01,1.790533340583372879e-01,8.955689786905170990e+01
1.633639374682642221e+09,-2.889787867470623110e-03,6.778393914277445198e-01,1.790224321444432165e-01,8.955712387308206246e+01
1.633639374751168013e+09,-2.891711079102316645e-03,6.778239482800011428e-01,1.785156964604659169e-01,8.955700241331069833e+01
1.633639374755158901e+09,-2.889715355084449856e-03,6.778230643862339644e-01,1.784856468286191156e-01,8.955704457325177259e+01
1.633639374758341551e+09,-2.889711637731996654e-03,6.778238430266733117e-01,1.784591177572669718e-01,8.955661683798577144e+01
1.633639374760519266e+09,-2.889711637731996654e-03,6.778238430266733117e-01,1.784591177572669718e-01,8.955661683798577144e+01
1.633639374830856085e+09,-2.889542298232232031e-03,6.778094111553976120e-01,1.779284669253066997e-01,8.955793072556336654e+01
1.633639374833541632e+09,-2.891628358699722956e-03,6.778080339270954324e-01,1.778986842179989258e-01,8.955813090231023921e+01
1.633639374837139130e+09,-2.891628358699722956e-03,6.778080339270954324e-01,1.778986842179989258e-01,8.955813090231023921e+01
1.633639374839872837e+09,-2.889633747964922596e-03,6.778074706561081353e-01,1.778684049303590475e-01,8.955809200019554339e+01
1.633639374911062002e+09,-2.889553068322713806e-03,6.778038292926935604e-01,1.773548294053364782e-01,8.955458085939802970e+01
1.633639374915359497e+09,-2.889543734515506637e-03,6.778032310573904873e-01,1.773252279480706517e-01,8.955444732986735801e+01
1.633639374918539047e+09,-2.889644595352262087e-03,6.778020569787434058e-01,1.772967977335102030e-01,8.955449179529050241e+01
1.633639374983129025e+09,-2.889510625760408850e-03,6.777908763292391781e-01,1.768651690010555333e-01,8.955587821437339358e+01
1.633639374986221075e+09,-2.889497234105469371e-03,6.777890440738402189e-01,1.768351131415005217e-01,8.955613568990807494e+01
1.633639374990577221e+09,-2.889489090301520461e-03,6.777888634311034499e-01,1.768052332792560688e-01,8.955584575807243652e+01
1.633639375055965900e+09,-2.889561786140831812e-03,6.777780417407984759e-01,1.763248438152994757e-01,8.955515198178632374e+01
1.633639375059533596e+09,-2.889561786140831812e-03,6.777780417407984759e-01,1.763248438152994757e-01,8.955515198178632374e+01
1.633639375062698603e+09,-2.888073920000894593e-03,6.777758120158600130e-01,1.762623737835079529e-01,8.955526559996216918e+01
1.633639375065216064e+09,-2.888175086286210152e-03,6.777750706213947485e-01,1.762308660256736159e-01,8.955511312970136828e+01
1.633639375134795666e+09,-2.889452511484781865e-03,6.777553942380222241e-01,1.756940109489682766e-01,8.955794891044818939e+01
1.633639375139045238e+09,-2.888088259480305325e-03,6.777543394121974263e-01,1.756631748518724390e-01,8.955810082610601341e+01
1.633639375141947985e+09,-2.889322108470953297e-03,6.777540437561604403e-01,1.756334245873368838e-01,8.955787149820761783e+01
1.633639375144237518e+09,-2.889322108470953297e-03,6.777540437561604403e-01,1.756334245873368838e-01,8.955787149820761783e+01
1.633639375213740110e+09,-2.887962926868412744e-03,6.777388028152511179e-01,1.751197339433164801e-01,8.955832329432340089e+01
1.633639375217252731e+09,-2.889303567585388595e-03,6.777372383470132711e-01,1.750888100178958351e-01,8.955840118128467964e+01
1.633639375222258091e+09,-2.889237618911197261e-03,6.777361835750315144e-01,1.750593703916904220e-01,8.955853890516065974e+01
1.633639375289362669e+09,-2.889105071866239407e-03,6.777163573261563156e-01,1.745421498709727182e-01,8.956038787394112433e+01
1.633639375295653105e+09,-2.887737614366968353e-03,6.777157161498598148e-01,1.744838820920526223e-01,8.956067376808745450e+01
1.633639375298752785e+09,-2.889196356414203398e-03,6.777157072144184280e-01,1.744554303856718502e-01,8.956059586471418754e+01
1.633639375370146751e+09,-2.889148292095468275e-03,6.777051599682958338e-01,1.739311216647285163e-01,8.955966542136854969e+01
1.633639375372741938e+09,-2.889148292095468275e-03,6.777051599682958338e-01,1.739311216647285163e-01,8.955966542136854969e+01
1.633639375376522064e+09,-2.887778829255087474e-03,6.777028679337262496e-01,1.738994261222351345e-01,8.955991174942946031e+01
1.633639375440776348e+09,-2.887737051390538989e-03,6.776904968420115472e-01,1.734284525654630760e-01,8.955984535925180978e+01
1.633639375443298340e+09,-2.887737051390538989e-03,6.776904968420115472e-01,1.734284525654630760e-01,8.955984535925180978e+01
1.633639375447379827e+09,-2.888970721522512129e-03,6.776899105560165726e-01,1.734000403433905990e-01,8.955975097794096484e+01
1.633639375450393915e+09,-2.887722284954380523e-03,6.776901131550477908e-01,1.733707207546760221e-01,8.955956542726826797e+01
1.633639375528434277e+09,-2.885842586329417318e-03,6.776748723638627014e-01,1.727858785482483117e-01,8.956032986698093623e+01
1.633639375532731295e+09,-2.887635747045323980e-03,6.776736683768409542e-01,1.727544374874369626e-01,8.956039112438831751e+01
1.633639375535397053e+09,-2.887635747045323980e-03,6.776736683768409542e-01,1.727544374874369626e-01,8.956039112438831751e+01
1.633639375615638018e+09,-2.885695848149494834e-03,6.776609216936374525e-01,1.721399078220941237e-01,8.955869691434858737e+01
1.633639375619822264e+09,-2.885686130002020153e-03,6.776600045272050954e-01,1.721122568225134652e-01,8.955871788085890728e+01
1.633639375622357607e+09,-2.885686130002020153e-03,6.776600045272050954e-01,1.721122568225134652e-01,8.955871788085890728e+01
1.633639375686213493e+09,-2.885529722671797363e-03,6.776464175701463200e-01,1.716280162351853655e-01,8.955975713740015465e+01
1.633639375690717936e+09,-2.887430108984311451e-03,6.776443746403032486e-01,1.715990691527689016e-01,8.955976559700570760e+01
1.633639375694156885e+09,-2.885617527693740310e-03,6.776440373730066025e-01,1.715725471579041539e-01,8.955954170861245700e+01
1.633639375758631945e+09,-2.887382221211525195e-03,6.776323953321387039e-01,1.711053557720466634e-01,8.955896582036626796e+01
1.633639375761373520e+09,-2.887382221211525195e-03,6.776323953321387039e-01,1.711053557720466634e-01,8.955896582036626796e+01
1.633639375764609575e+09,-2.885672993690629497e-03,6.776301382224416692e-01,1.710747750734785966e-01,8.955926514881601008e+01
1.633639375766727448e+09,-2.887472339324288154e-03,6.776303048261297368e-01,1.710456589704045793e-01,8.955925059160054502e+01
1.633639375824440002e+09,-2.885511453678907701e-03,6.776139005390771075e-01,1.706115550776360068e-01,8.956089998298737953e+01
1.633639375827068329e+09,-2.885511453678907701e-03,6.776139005390771075e-01,1.706115550776360068e-01,8.956089998298737953e+01
1.633639375829580307e+09,-2.885511453678907701e-03,6.776139005390771075e-01,1.706115550776360068e-01,8.956089998298737953e+01
1.633639375832548380e+09,-2.885608537924279782e-03,6.776137281407617063e-01,1.705538714016023860e-01,8.956070172048477218e+01
1.633639375895979881e+09,-2.885479710934038024e-03,6.776089352835170665e-01,1.700759434915142809e-01,8.955849277430382926e+01
1.633639375898525953e+09,-2.887323043689357487e-03,6.776067935058928127e-01,1.700437366590783206e-01,8.955841915041325763e+01
1.633639375903081656e+09,-2.885465616286931895e-03,6.776092909577866585e-01,1.700165490021706693e-01,8.955763396214865679e+01
1.633639375905378342e+09,-2.885465616286931895e-03,6.776092909577866585e-01,1.700165490021706693e-01,8.955763396214865679e+01
1.633639375963938713e+09,-2.887375501282169604e-03,6.776185699703277665e-01,1.696114543222597415e-01,8.955308088934708621e+01
1.633639375967240095e+09,-2.885572428821563638e-03,6.776205623518293253e-01,1.695843466371825259e-01,8.955264719435972154e+01
1.633639375970401525e+09,-2.885456275213596055e-03,6.776205454754818946e-01,1.695561268882517791e-01,8.955266326380817077e+01
1.633639375973182201e+09,-2.885456275213596055e-03,6.776205454754818946e-01,1.695561268882517791e-01,8.955266326380817077e+01
1.633639376042741537e+09,-2.887391093721088185e-03,6.776257979176735224e-01,1.690688092518313757e-01,8.954930945713321933e+01
1.633639376045988321e+09,-2.885567230142421519e-03,6.776244800875568242e-01,1.690087707029833408e-01,8.954907410736558404e+01
1.633639376050241947e+09,-2.885551951589891608e-03,6.776223937527295904e-01,1.689780879485460741e-01,8.954916421278250027e+01
1.633639376107830286e+09,-2.885523808554531569e-03,6.776114154206974716e-01,1.685535618083342513e-01,8.954871065357929183e+01
1.633639376110453606e+09,-2.885411032323361921e-03,6.776124978722946057e-01,1.685261914676123851e-01,8.954825274906286836e+01
1.633639376114701509e+09,-2.887207282829391559e-03,6.776118656857710310e-01,1.684962926898818658e-01,8.954840317622635837e+01
1.633639376117534876e+09,-2.887303851727105863e-03,6.776099590628379410e-01,1.684664593270281951e-01,8.954867890068265979e+01
1.633639376183144808e+09,-2.885450169706785424e-03,6.775945827856482140e-01,1.679817704274592371e-01,8.955100598357942943e+01
1.633639376187107086e+09,-2.887128085557912407e-03,6.775921066130925485e-01,1.679485007666626228e-01,8.955132317212077453e+01
1.633639376190333843e+09,-2.885531897313560034e-03,6.775907292698372109e-01,1.679180673128533030e-01,8.955151343199203495e+01
1.633639376192602634e+09,-2.885531897313560034e-03,6.775907292698372109e-01,1.679180673128533030e-01,8.955151343199203495e+01
1.633639376252680302e+09,-2.887182231644109566e-03,6.775761096404112616e-01,1.674667962151420164e-01,8.955251813478341205e+01
1.633639376256047964e+09,-2.887174372827727622e-03,6.775758545442849279e-01,1.674368959933968393e-01,8.955237792997391466e+01
1.633639376258773088e+09,-2.885247999129211729e-03,6.775742888886633342e-01,1.674065904086635692e-01,8.955270179653645357e+01
1.633639376260993481e+09,-2.885247999129211729e-03,6.775742888886633342e-01,1.674065904086635692e-01,8.955270179653645357e+01
1.633639376322107553e+09,-2.885169953578605763e-03,6.775520044337869363e-01,1.669194941216673167e-01,8.955562086561334922e+01
1.633639376324719429e+09,-2.885169953578605763e-03,6.775520044337869363e-01,1.669194941216673167e-01,8.955562086561334922e+01
1.633639376327291489e+09,-2.883861464997024109e-03,6.775513904769951967e-01,1.668896007556407435e-01,8.955532652702984819e+01
1.633639376331697464e+09,-2.887009632815662995e-03,6.775506972332316913e-01,1.668595168084053282e-01,8.955523823762352720e+01
1.633639376400253534e+09,-2.886932911870531814e-03,6.775316071035865084e-01,1.663607247034699643e-01,8.955558095273615038e+01
1.633639376405570745e+09,-2.886917569153070722e-03,6.775293956984291821e-01,1.663306144143842646e-01,8.955576261110930147e+01
1.633639376478353262e+09,-2.886825561673727909e-03,6.775056821372732463e-01,1.658165126395788058e-01,8.955823105441366749e+01
1.633639376481706381e+09,-2.884997157901309471e-03,6.775025698074217395e-01,1.657570248708556959e-01,8.955874147696313514e+01
1.633639376483970404e+09,-2.884997157901309471e-03,6.775025698074217395e-01,1.657570248708556959e-01,8.955874147696313514e+01
1.633639376486184359e+09,-2.886893565407157042e-03,6.774996951296733405e-01,1.657266430890534936e-01,8.955912329483250289e+01
1.633639376545849800e+09,-2.886739554355563769e-03,6.774824949426044851e-01,1.653230889864885089e-01,8.956056027164736122e+01
1.633639376549171925e+09,-2.886735360751161231e-03,6.774828958525669353e-01,1.652956449939327610e-01,8.956047299762124680e+01
1.633639376553751945e+09,-2.886715724751749701e-03,6.774810647452162993e-01,1.652372252772736361e-01,8.956060791272352617e+01
1.633639376612473488e+09,-2.886561036906964191e-03,6.774650768075599627e-01,1.648229137311712500e-01,8.956105878661152531e+01
1.633639376615251541e+09,-2.884860030305384446e-03,6.774652879028424390e-01,1.647925304230627996e-01,8.956082596370400495e+01
1.633639376618383169e+09,-2.886547152976225595e-03,6.774650261938094387e-01,1.647632889238432041e-01,8.956070494476914234e+01
1.633639376620599508e+09,-2.886547152976225595e-03,6.774650261938094387e-01,1.647632889238432041e-01,8.956070494476914234e+01
1.633639376686797142e+09,-2.886443924668772362e-03,6.774381994017532049e-01,1.642310340908069710e-01,8.956476744316753980e+01
1.633639376689405203e+09,-2.886443924668772362e-03,6.774381994017532049e-01,1.642310340908069710e-01,8.956476744316753980e+01
1.633639376693733931e+09,-2.884624206237816450e-03,6.774361287494545802e-01,1.641987871381802577e-01,8.956484348148605079e+01
1.633639376758332253e+09,-2.886441718962442973e-03,6.773980629307662094e-01,1.636648856067147162e-01,8.956973513838239853e+01
1.633639376762508392e+09,-2.886427030338562395e-03,6.773962053361963775e-01,1.636352622964891979e-01,8.956966121267987546e+01
1.633639376766871929e+09,-2.886305317503343095e-03,6.773945832305279247e-01,1.636040739624604889e-01,8.956995384851838082e+01
1.633639376816559076e+09,-2.886272810180811384e-03,6.773795450469487500e-01,1.632372645853600868e-01,8.957012878362998265e+01
1.633639376820213556e+09,-2.887615573788576175e-03,6.773787836190804379e-01,1.632061665058089361e-01,8.957001545950764410e+01
1.633639376822740316e+09,-2.886251318761471479e-03,6.773775826030752345e-01,1.631747004172807158e-01,8.957015450104530885e+01
1.633639376826111317e+09,-2.886251318761471479e-03,6.773775826030752345e-01,1.631747004172807158e-01,8.957015450104530885e+01
1.633639376879146814e+09,-2.886185747027487491e-03,6.773536001783930782e-01,1.627619039371197562e-01,8.957436916998658205e+01
1.633639376882993937e+09,-2.886160611629471056e-03,6.773507507282451323e-01,1.626997124307109077e-01,8.957445544509488400e+01
1.633639376885481119e+09,-2.886160611629471056e-03,6.773507507282451323e-01,1.626997124307109077e-01,8.957445544509488400e+01
1.633639376936259508e+09,-2.887484485658733772e-03,6.773384008520574318e-01,1.623085613469112953e-01,8.957378368668803148e+01
1.633639376939975977e+09,-2.886122215575650293e-03,6.773379231876304196e-01,1.622789984138980346e-01,8.957349929842544611e+01
1.633639376942549944e+09,-2.886122215575650293e-03,6.773379231876304196e-01,1.622789984138980346e-01,8.957349929842544611e+01
1.633639376944741011e+09,-2.886122215575650293e-03,6.773379231876304196e-01,1.622789984138980346e-01,8.957349929842544611e+01
1.633639377014285803e+09,-2.887470893267058900e-03,6.773248708598114121e-01,1.617488470842297632e-01,8.957332201526588733e+01
1.633639377016969681e+09,-2.887470893267058900e-03,6.773248708598114121e-01,1.617488470842297632e-01,8.957332201526588733e+01
1.633639377021468401e+09,-2.887406405072053938e-03,6.773237882944204147e-01,1.617197260422643668e-01,8.957351076554823521e+01
1.633639377084163904e+09,-2.887329321881018911e-03,6.773171192808179475e-01,1.612541736552827454e-01,8.957192988417081381e+01
1.633639377086813450e+09,-2.887537613669914714e-03,6.773164681955140543e-01,1.612242317803189995e-01,8.957186288369837257e+01
1.633639377089282036e+09,-2.887537613669914714e-03,6.773164681955140543e-01,1.612242317803189995e-01,8.957186288369837257e+01
1.633639377094151497e+09,-2.886061083944329014e-03,6.773159631460865526e-01,1.611662792636426589e-01,8.957168087768300779e+01
1.633639377159934282e+09,-2.886027318476722201e-03,6.773051952717524804e-01,1.607200816897352835e-01,8.957093548228834834e+01
1.633639377163268328e+09,-2.887350968813829841e-03,6.773009246944305950e-01,1.606592394272433055e-01,8.957151403155593528e+01
1.633639377167340517e+09,-2.885987635246613139e-03,6.772996714901992066e-01,1.606300610440009047e-01,8.957177991283583651e+01
1.633639377227001905e+09,-2.887332764119875279e-03,6.772954120597840522e-01,1.601901161976319599e-01,8.956997898776850775e+01
1.633639377231598854e+09,-2.885867847137271215e-03,6.772962610239170456e-01,1.601624048686386415e-01,8.956958385192241678e+01
1.633639377234815598e+09,-2.887430308830628029e-03,6.772960986334238820e-01,1.601328095884214098e-01,8.956938828333944969e+01
1.633639377298884630e+09,-2.887359496521836166e-03,6.772929629478969815e-01,1.596533859710078107e-01,8.956620999402559846e+01
1.633639377302150249e+09,-2.887300454383423878e-03,6.772932988371868079e-01,1.596242671921380696e-01,8.956612408822068971e+01
1.633639377306809902e+09,-2.887345433968057599e-03,6.772925425586195924e-01,1.595948084068761208e-01,8.956615799051540705e+01
1.633639377369046450e+09,-2.887207293962984738e-03,6.772797871450614293e-01,1.591771406033188618e-01,8.956720396073886548e+01
1.633639377374365807e+09,-2.887291915615395298e-03,6.772783710887156916e-01,1.590901397751076085e-01,8.956728367275481162e+01
1.633639377378598690e+09,-2.887278542390690587e-03,6.772762926402018380e-01,1.590594163790625681e-01,8.956782248220714848e+01
1.633639377444302797e+09,-2.887244347920959586e-03,6.772672927497688233e-01,1.585741752518292913e-01,8.956705608857889445e+01
1.633639377446940899e+09,-2.887244347920959586e-03,6.772672927497688233e-01,1.585741752518292913e-01,8.956705608857889445e+01
1.633639377449214220e+09,-2.887244347920959586e-03,6.772672927497688233e-01,1.585741752518292913e-01,8.956705608857889445e+01
1.633639377453385115e+09,-2.889210250936402862e-03,6.772660600676080334e-01,1.585145633910594043e-01,8.956693949633027785e+01
1.633639377543135166e+09,-2.887187522381554072e-03,6.772403810294729265e-01,1.578154245395410604e-01,8.956758571373495670e+01
1.633639377546608210e+09,-2.887068597541315486e-03,6.772395713726678812e-01,1.577836947318510541e-01,8.956742202084259930e+01
1.633639377549309492e+09,-2.887068597541315486e-03,6.772395713726678812e-01,1.577836947318510541e-01,8.956742202084259930e+01
1.633639377615601301e+09,-2.889109934461987338e-03,6.772272268723136257e-01,1.572680944070813380e-01,8.956781327753502353e+01
1.633639377618517160e+09,-2.889096213239650615e-03,6.772254467670063560e-01,1.572376031176510869e-01,8.956793056334946357e+01
1.633639377623208284e+09,-2.886997947841665052e-03,6.772256258872241252e-01,1.572074289003358438e-01,8.956770938962134210e+01
1.633639377685083866e+09,-2.890211646944781769e-03,6.772150134556722545e-01,1.567567793817266353e-01,8.956737545427681368e+01
1.633639377689793110e+09,-2.888934268562879954e-03,6.772141570893481788e-01,1.566988338594705876e-01,8.956755788785970651e+01
1.633639377693479538e+09,-2.888934268562879954e-03,6.772141570893481788e-01,1.566988338594705876e-01,8.956755788785970651e+01
1.633639377762765884e+09,-2.888897450037001234e-03,6.771931878879567934e-01,1.561447699604472383e-01,8.956954000038844299e+01
1.633639377766581535e+09,-2.886896601092498599e-03,6.771906124281901196e-01,1.561130638585022656e-01,8.956978576872415942e+01
1.633639377770795107e+09,-2.890137048001464436e-03,6.771908920152712730e-01,1.560833796057697898e-01,8.956952678464371331e+01
1.633639377834181309e+09,-2.888727837955006386e-03,6.771819777226257830e-01,1.555936532188777477e-01,8.956779498243226101e+01
1.633639377836779118e+09,-2.888727837955006386e-03,6.771819777226257830e-01,1.555936532188777477e-01,8.956779498243226101e+01
1.633639377840010405e+09,-2.888931971792830199e-03,6.771807875205345661e-01,1.555631818093737295e-01,8.956784146171258953e+01
1.633639377842881680e+09,-2.890078062275232198e-03,6.771800144859098092e-01,1.555332675552788535e-01,8.956807037488452750e+01
1.633639377906934738e+09,-2.888755043795762385e-03,6.771644111509795838e-01,1.550444403474576238e-01,8.956834760265601858e+01
1.633639377909558296e+09,-2.888755043795762385e-03,6.771644111509795838e-01,1.550444403474576238e-01,8.956834760265601858e+01
1.633639377912679434e+09,-2.888742174797316077e-03,6.771629785792255829e-01,1.550137009211461359e-01,8.956830228727791621e+01
1.633639377969110727e+09,-2.889983073568031923e-03,6.771531178667632433e-01,1.546135147816687372e-01,8.956745646749652678e+01
1.633639377972418308e+09,-2.888698654991594689e-03,6.771516035787615850e-01,1.545520667995106678e-01,8.956679442021497550e+01
1.633639377976025581e+09,-2.888698654991594689e-03,6.771516035787615850e-01,1.545520667995106678e-01,8.956679442021497550e+01
1.633639377978216648e+09,-2.888698654991594689e-03,6.771516035787615850e-01,1.545520667995106678e-01,8.956679442021497550e+01
1.633639378034277916e+09,-2.888657645074009604e-03,6.771391175258180128e-01,1.540944878706614340e-01,8.956691066137845780e+01
1.633639378037907124e+09,-2.888657645074009604e-03,6.771391175258180128e-01,1.540944878706614340e-01,8.956691066137845780e+01
1.633639378040445089e+09,-2.888657645074009604e-03,6.771391175258180128e-01,1.540944878706614340e-01,8.956691066137845780e+01
1.633639378042748690e+09,-2.889906001986326713e-03,6.771391329351090782e-01,1.540340496728529462e-01,8.956647830851503045e+01
1.633639378102752686e+09,-2.889712015711670256e-03,6.771157882531764205e-01,1.535517282245860704e-01,8.956858568006383337e+01
1.633639378105988503e+09,-2.888436455716496092e-03,6.771141382558811816e-01,1.535193381612909302e-01,8.956876097266346903e+01
1.633639378108542442e+09,-2.888436455716496092e-03,6.771141382558811816e-01,1.535193381612909302e-01,8.956876097266346903e+01
1.633639378111457109e+09,-2.889692209104191556e-03,6.771144467284820889e-01,1.534882724938124721e-01,8.956836582705177818e+01
1.633639378176608324e+09,-2.889583058445639643e-03,6.771016242202931856e-01,1.529792161321602284e-01,8.956787115575524183e+01
1.633639378179887533e+09,-2.888417047478152380e-03,6.771004657242151170e-01,1.529467564786656797e-01,8.956806182698247198e+01
1.633639378182273865e+09,-2.888417047478152380e-03,6.771004657242151170e-01,1.529467564786656797e-01,8.956806182698247198e+01
1.633639378184456110e+09,-2.888417047478152380e-03,6.771004657242151170e-01,1.529467564786656797e-01,8.956806182698247198e+01
1.633639378253340721e+09,-2.888243651462816391e-03,6.770867439391060616e-01,1.523771162000408519e-01,8.956891985424741165e+01
1.633639378256510735e+09,-2.889595270930920504e-03,6.770839806436805830e-01,1.523436568202318764e-01,8.956925390768729756e+01
1.633639378260191917e+09,-2.888323363598576960e-03,6.770834722555167939e-01,1.523134233170921892e-01,8.956895474939169333e+01
1.633639378263144016e+09,-2.889465719126645734e-03,6.770820117090831092e-01,1.522814762932882537e-01,8.956902344526092463e+01
1.633639378328447580e+09,-2.888150946641166415e-03,6.770672087427338504e-01,1.518176462072736710e-01,8.956918576818733868e+01
1.633639378331578732e+09,-2.889391871891669808e-03,6.770650015699662960e-01,1.517563438810191068e-01,8.956942956784156706e+01
1.633639378335062742e+09,-2.888222039111278203e-03,6.770630763306966227e-01,1.517249508826414850e-01,8.956951247302356478e+01
1.633639378337937593e+09,-2.888214237656097118e-03,6.770627649010175775e-01,1.516956035719426721e-01,8.956940087911272030e+01
1.633639378400721550e+09,-2.889310991956359036e-03,6.770458776597902961e-01,1.512329999079390364e-01,8.957035210388774260e+01
1.633639378403970718e+09,-2.889301484094000932e-03,6.770448939064711569e-01,1.512030127174511240e-01,8.957058430868268317e+01
1.633639378407722712e+09,-2.890651914079103366e-03,6.770461564597340942e-01,1.511748034810128094e-01,8.957013243350338882e+01
1.633639378410047054e+09,-2.889393240787823357e-03,6.770443741286691353e-01,1.511438471006285311e-01,8.957036839171946951e+01
1.633639378478827715e+09,-2.887943104553538157e-03,6.770263578108254299e-01,1.506190867410934220e-01,8.957013335936638043e+01
1.633639378483017445e+09,-2.887943104553538157e-03,6.770263578108254299e-01,1.506190867410934220e-01,8.957013335936638043e+01
1.633639378486226320e+09,-2.889353081652875754e-03,6.770252386453665672e-01,1.505880424628296965e-01,8.956986427433152187e+01
1.633639378555937290e+09,-2.885838588047525115e-03,6.770134330388006827e-01,1.500624362711803217e-01,8.956913105047703993e+01
1.633639378559960365e+09,-2.887812942047555433e-03,6.770129014333748918e-01,1.500315368195780652e-01,8.956904498962747141e+01
1.633639378562581539e+09,-2.890411674095732641e-03,6.770106745093661393e-01,1.499972148887131485e-01,8.956935049210480315e+01
1.633639378565457821e+09,-2.890411674095732641e-03,6.770106745093661393e-01,1.499972148887131485e-01,8.956935049210480315e+01
1.633639378635125875e+09,-2.887569860962659659e-03,6.769892495105694907e-01,1.494470923918353455e-01,8.956451474202910390e+01
1.633639378639461994e+09,-2.887518073270327681e-03,6.769869670316841503e-01,1.493643481727027211e-01,8.955859238314401694e+01
1.633639378643032074e+09,-2.887598946585585424e-03,6.769848484493805607e-01,1.493226223487311988e-01,8.955674139702929892e+01
1.633639378714233160e+09,-2.888896863796163676e-03,6.769952075577366779e-01,1.488056254824765001e-01,8.955358812644143995e+01
1.633639378716795921e+09,-2.888896863796163676e-03,6.769952075577366779e-01,1.488056254824765001e-01,8.955358812644143995e+01
1.633639378722013950e+09,-2.887629637313529271e-03,6.769946573837585246e-01,1.487807654618998887e-01,8.955414298652090110e+01
1.633639378792684078e+09,-2.885457159890105622e-03,6.769592144162072112e-01,1.482748144689232106e-01,8.957121275311776287e+01
1.633639378795935154e+09,-2.885448781239470344e-03,6.769581889654469053e-01,1.482456023680124857e-01,8.957171103355248931e+01
1.633639378799932718e+09,-2.887532373178003202e-03,6.769577537722362148e-01,1.482171020334312750e-01,8.957211098750893541e+01
1.633639378802190781e+09,-2.887532373178003202e-03,6.769577537722362148e-01,1.482171020334312750e-01,8.957211098750893541e+01
1.633639378871741533e+09,-2.885552727273837069e-03,6.769272996623332261e-01,1.476960536741628027e-01,8.957980445741198139e+01
1.633639378874683142e+09,-2.887317725493956065e-03,6.769272661609008201e-01,1.476684650724213177e-01,8.957987123068261326e+01
1.633639378880091429e+09,-2.887517959229755557e-03,6.769254459321381034e-01,1.476398396083647424e-01,8.958022859951829275e+01
1.633639378938067436e+09,-2.887367217179954634e-03,6.769069183272241608e-01,1.472589076143941966e-01,8.958239563103605008e+01
1.633639378940774441e+09,-2.887345352706696677e-03,6.769045302734850722e-01,1.472002693747361535e-01,8.958255009695122340e+01
1.633639378944798708e+09,-2.887331685694035331e-03,6.769026018050385840e-01,1.471705639087938500e-01,8.958278087061225392e+01
1.633639379002143860e+09,-2.885237992181959987e-03,6.768857861363442030e-01,1.467483832250444098e-01,8.958195934283618556e+01
1.633639379006379604e+09,-2.885226960165932723e-03,6.768851489161292756e-01,1.467176671087775386e-01,8.958148439819741782e+01
1.633639379008993626e+09,-2.885226960165932723e-03,6.768851489161292756e-01,1.467176671087775386e-01,8.958148439819741782e+01
1.633639379068824291e+09,-2.887168765396211541e-03,6.768768175296124845e-01,1.462582352085888548e-01,8.957730460035236320e+01
1.633639379072618008e+09,-2.888418377242154417e-03,6.768755644029760266e-01,1.462273296584884474e-01,8.957720604586485535e+01
1.633639379076811314e+09,-2.888410001109112477e-03,6.768753235345004171e-01,1.461971187724357968e-01,8.957691325366623403e+01
1.633639379134083033e+09,-2.885121459311122596e-03,6.768638092479767332e-01,1.457333465015193119e-01,8.957571251789862288e+01
1.633639379136734724e+09,-2.885121459311122596e-03,6.768638092479767332e-01,1.457333465015193119e-01,8.957571251789862288e+01
1.633639379140002012e+09,-2.885217450482689162e-03,6.768629848997713694e-01,1.457033271784928807e-01,8.957565444404863797e+01
1.633639379142543554e+09,-2.885110186620952824e-03,6.768642878898560866e-01,1.456755082755901709e-01,8.957527618574744110e+01
1.633639379202294350e+09,-2.885184886405611510e-03,6.768566306899709284e-01,1.452165042150780072e-01,8.957273894621529564e+01
1.633639379205080509e+09,-2.885184886405611510e-03,6.768566306899709284e-01,1.452165042150780072e-01,8.957273894621529564e+01
1.633639379207729101e+09,-2.885184886405611510e-03,6.768566306899709284e-01,1.452165042150780072e-01,8.957273894621529564e+01
1.633639379211741686e+09,-2.887044189129490783e-03,6.768557990455985607e-01,1.451568062237360290e-01,8.957226556534435247e+01
1.633639379268423319e+09,-2.887084986720708443e-03,6.768363452299884786e-01,1.447172260710792580e-01,8.957338423429730767e+01
1.633639379271688700e+09,-2.885093476082136420e-03,6.768357056229792335e-01,1.446866293444118989e-01,8.957345596061793458e+01
1.633639379274636745e+09,-2.887060154451274573e-03,6.768334444780332859e-01,1.446543760750328700e-01,8.957357541440767079e+01
1.633639379277125120e+09,-2.887060154451274573e-03,6.768334444780332859e-01,1.446543760750328700e-01,8.957357541440767079e+01
1.633639379330749035e+09,-2.886962579579108092e-03,6.768194065903299084e-01,1.442258018355430660e-01,8.957322430939643709e+01
1.633639379333992243e+09,-2.887057745480469187e-03,6.768186515760084010e-01,1.441953217650977503e-01,8.957298551329762404e+01
1.633639379336444378e+09,-2.887057745480469187e-03,6.768186515760084010e-01,1.441953217650977503e-01,8.957298551329762404e+01
1.633639379408234358e+09,-2.886978464187462453e-03,6.768026610197633852e-01,1.436444653871901678e-01,8.957235402693910942e+01
1.633639379411665678e+09,-2.886971397379237917e-03,6.768024278538805616e-01,1.436142125537844538e-01,8.957236116544048343e+01
1.633639379415533543e+09,-2.886958095804431027e-03,6.768006684861369582e-01,1.435833770348982352e-01,8.957254663932199890e+01
1.633639379418246508e+09,-2.884965749036035206e-03,6.767999373510494854e-01,1.435529670359577681e-01,8.957248389752015783e+01
1.633639379486519814e+09,-2.886976666401337623e-03,6.767788863963799528e-01,1.430585305890845760e-01,8.957502568196294135e+01
1.633639379490719318e+09,-2.884878357226795028e-03,6.767778271673463575e-01,1.430272899333439596e-01,8.957522127206212303e+01
1.633639379493957043e+09,-2.884878357226795028e-03,6.767778271673463575e-01,1.430272899333439596e-01,8.957522127206212303e+01
1.633639379566171169e+09,-2.884944320799869271e-03,6.767591907023533526e-01,1.424480071866159880e-01,8.957569906275267613e+01
1.633639379570819139e+09,-2.888123632831605513e-03,6.767576307541866010e-01,1.424181547424878680e-01,8.957587537245736087e+01
1.633639379574313879e+09,-2.886904115178059831e-03,6.767566822829034212e-01,1.423890278116748120e-01,8.957576843656937626e+01
1.633639379680006742e+09,-2.884746049671938969e-03,6.767264858739731048e-01,1.416148456237780184e-01,8.957805100216748428e+01
1.633639379682528734e+09,-2.884738847163204577e-03,6.767261614898888444e-01,1.415891493891306974e-01,8.957790698531496787e+01
1.633639379686234713e+09,-2.887971629105165992e-03,6.767249665945160864e-01,1.415606610353742356e-01,8.957785494714336494e+01
1.633639379688446283e+09,-2.887971629105165992e-03,6.767249665945160864e-01,1.415606610353742356e-01,8.957785494714336494e+01
1.633639379747564316e+09,-2.886782958467286504e-03,6.767134509073593485e-01,1.411645039157180814e-01,8.957633513301358619e+01
1.633639379750698328e+09,-2.884789596181636627e-03,6.767120254756173736e-01,1.411359027916100073e-01,8.957661952863347210e+01
1.633639379754895926e+09,-2.886765428003095976e-03,6.767117828210413855e-01,1.411099162035517052e-01,8.957654014658837127e+01
1.633639379757141113e+09,-2.886765428003095976e-03,6.767117828210413855e-01,1.411099162035517052e-01,8.957654014658837127e+01
1.633639379829675198e+09,-2.886597470867168034e-03,6.766968210000130490e-01,1.406069870532004606e-01,8.957648220618767709e+01
1.633639379834682703e+09,-2.884703485759924652e-03,6.766958370632144559e-01,1.405506593043557850e-01,8.957625553177594213e+01
1.633639379837175608e+09,-2.884703485759924652e-03,6.766958370632144559e-01,1.405506593043557850e-01,8.957625553177594213e+01
1.633639379927968740e+09,-2.886608593845652049e-03,6.766870147326208285e-01,1.399104145927654863e-01,8.957277326326237699e+01
1.633639379931108713e+09,-2.886648366923118530e-03,6.766850913207168583e-01,1.398852085139434265e-01,8.957300790945650704e+01
1.633639379934959650e+09,-2.886648366923118530e-03,6.766850913207168583e-01,1.398852085139434265e-01,8.957300790945650704e+01
1.633639379937378883e+09,-2.886590218668945874e-03,6.766851426477316078e-01,1.398606726464489136e-01,8.957276656316597041e+01
1.633639380008815050e+09,-2.884527161909637184e-03,6.766762826916274953e-01,1.394016145506254412e-01,8.957233174179665980e+01
1.633639380011384487e+09,-2.886501676957593798e-03,6.766756818426497011e-01,1.393734281351110549e-01,8.957244404686515793e+01
1.633639380014544010e+09,-2.886477560381728574e-03,6.766727391868812003e-01,1.393094514346668866e-01,8.957287984431945915e+01
1.633639380017445564e+09,-2.886477560381728574e-03,6.766727391868812003e-01,1.393094514346668866e-01,8.957287984431945915e+01
1.633639380084633112e+09,-2.886431937383866341e-03,6.766613880919959412e-01,1.388167345247713069e-01,8.957258265165677358e+01
1.633639380088553429e+09,-2.887784898735478844e-03,6.766597989302184368e-01,1.387838454210475470e-01,8.957269639963239172e+01
1.633639380092366695e+09,-2.887667392990378532e-03,6.766584443907490698e-01,1.387518709672659889e-01,8.957262045607900802e+01
1.633639380148459673e+09,-2.884422363940920137e-03,6.766480398676640862e-01,1.384690249230007275e-01,8.957195624299541237e+01
1.633639380157069921e+09,-2.886320023641288958e-03,6.766378060426139207e-01,1.382508310375145100e-01,8.957309031524830800e+01
1.633639380218709946e+09,-2.886126296219322651e-03,6.766117910318295570e-01,1.377961752746072466e-01,8.957629681559639323e+01
1.633639380221285582e+09,-2.886126296219322651e-03,6.766117910318295570e-01,1.377961752746072466e-01,8.957629681559639323e+01
1.633639380224446058e+09,-2.884132211119767256e-03,6.766103197497438382e-01,1.377670164284208465e-01,8.957640907328789126e+01
1.633639380226958752e+09,-2.886207143060769403e-03,6.766086901488610472e-01,1.377374774088567788e-01,8.957674273905143991e+01
1.633639380287947178e+09,-2.884185966757882996e-03,6.765970473359512738e-01,1.372839043603236164e-01,8.957648440280404145e+01
1.633639380290458918e+09,-2.886050871929665435e-03,6.765955161458593325e-01,1.372524605324195734e-01,8.957657609171708657e+01
1.633639380294606686e+09,-2.886148229303117565e-03,6.765954917760608200e-01,1.372218708789326169e-01,8.957636018040322767e+01
1.633639380296777487e+09,-2.886148229303117565e-03,6.765954917760608200e-01,1.372218708789326169e-01,8.957636018040322767e+01
1.633639380354895592e+09,-2.884028629090258037e-03,6.765866747238215018e-01,1.367669169276188867e-01,8.957459207017588199e+01
1.633639380358386517e+09,-2.886104596456242916e-03,6.765859655543977613e-01,1.367349034355992976e-01,8.957437641858895461e+01
1.633639380360899687e+09,-2.886104596456242916e-03,6.765859655543977613e-01,1.367349034355992976e-01,8.957437641858895461e+01
1.633639380420903206e+09,-2.883983554735857196e-03,6.765753531013549704e-01,1.362728600057654393e-01,8.957444937247298355e+01
1.633639380424351692e+09,-2.883983554735857196e-03,6.765753531013549704e-01,1.362728600057654393e-01,8.957444937247298355e+01
1.633639380427568913e+09,-2.886004198866441717e-03,6.765736909772136487e-01,1.362409572300274929e-01,8.957451118448287275e+01
1.633639380430461884e+09,-2.885987818485256148e-03,6.765729236307367334e-01,1.361797765539575766e-01,8.957432185190158691e+01
1.633639380492427826e+09,-2.885954331218654103e-03,6.765622609212741390e-01,1.357503022630456857e-01,8.957324219835352608e+01
1.633639380495852470e+09,-2.885838198947484733e-03,6.765607229289534175e-01,1.357190072279666482e-01,8.957351434802080803e+01
1.633639380499167442e+09,-2.885927038518482177e-03,6.765586231949788365e-01,1.356868485499896915e-01,8.957362792773135141e+01
1.633639380559788227e+09,-2.885732409942974325e-03,6.765349541060186045e-01,1.352111071313041313e-01,8.957505438881955229e+01
1.633639380562885284e+09,-2.886987710617897572e-03,6.765352950838156021e-01,1.351805782596953165e-01,8.957472075562706948e+01
1.633639380567159891e+09,-2.886978262801257432e-03,6.765343079524434033e-01,1.351493390402195016e-01,8.957499063060652134e+01
1.633639380628730297e+09,-2.886903971813668292e-03,6.765145298186985290e-01,1.346767166676911820e-01,8.957596277988120903e+01
1.633639380631377697e+09,-2.886893306181131848e-03,6.765135762820220222e-01,1.346451333534744443e-01,8.957593224725708581e+01
1.633639380634011507e+09,-2.885715195761800501e-03,6.765101115585162583e-01,1.346121137515094435e-01,8.957621875038658743e+01
1.633639380636157513e+09,-2.885715195761800501e-03,6.765101115585162583e-01,1.346121137515094435e-01,8.957621875038658743e+01
1.633639380638780355e+09,-2.885601353503144950e-03,6.765092276625023215e-01,1.345829030192088882e-01,8.957619574003167884e+01
1.633639380702111959e+09,-2.886684092797850171e-03,6.764920298342778082e-01,1.340892656267921867e-01,8.957538218474952885e+01
1.633639380704693556e+09,-2.886684092797850171e-03,6.764920298342778082e-01,1.340892656267921867e-01,8.957538218474952885e+01
1.633639380707512856e+09,-2.886684092797850171e-03,6.764920298342778082e-01,1.340892656267921867e-01,8.957538218474952885e+01
1.633639380710076094e+09,-2.886771736129962757e-03,6.764913054296833872e-01,1.340278585225239683e-01,8.957517627121268333e+01
1.633639380766915083e+09,-2.885459363711613285e-03,6.764747435145478383e-01,1.335879435539192861e-01,8.957662510940750167e+01
1.633639380769379139e+09,-2.885459363711613285e-03,6.764747435145478383e-01,1.335879435539192861e-01,8.957662510940750167e+01
1.633639380772594213e+09,-2.886811335998622999e-03,6.764730991892421441e-01,1.335552721728276437e-01,8.957683279142669619e+01
1.633639380775526762e+09,-2.886696275204879078e-03,6.764718111093334096e-01,1.335245911863873480e-01,8.957697190521794539e+01
1.633639380832948208e+09,-2.886743678633900585e-03,6.764562503315434405e-01,1.330652760131488255e-01,8.957710255423837964e+01
1.633639380836319208e+09,-2.886743678633900585e-03,6.764562503315434405e-01,1.330652760131488255e-01,8.957710255423837964e+01
1.633639380839527607e+09,-2.885366708822872245e-03,6.764547332341120933e-01,1.330340555120960444e-01,8.957729013914212146e+01
1.633639380842480659e+09,-2.885359300923298967e-03,6.764545833319354218e-01,1.330038846303691624e-01,8.957710606640270612e+01
1.633639380914485455e+09,-2.886566598331047600e-03,6.764405642444627498e-01,1.324765452000515042e-01,8.957927951653550736e+01
1.633639380917304277e+09,-2.886566598331047600e-03,6.764405642444627498e-01,1.324765452000515042e-01,8.957927951653550736e+01
1.633639380922644854e+09,-2.885304671054402144e-03,6.764422860805231474e-01,1.324203658552341178e-01,8.957981910708478779e+01
1.633639380990989923e+09,-2.886632327740114214e-03,6.764380311349224018e-01,1.319278701326489223e-01,8.958599854629161996e+01
1.633639380993519068e+09,-2.886632327740114214e-03,6.764380311349224018e-01,1.319278701326489223e-01,8.958599854629161996e+01
1.633639380996959686e+09,-2.886632327740114214e-03,6.764380311349224018e-01,1.319278701326489223e-01,8.958599854629161996e+01
1.633639380998987913e+09,-2.886632327740114214e-03,6.764380311349224018e-01,1.319278701326489223e-01,8.958599854629161996e+01
1.633639381064458609e+09,-2.886723643253493333e-03,6.764318259004029610e-01,1.314313105873077814e-01,8.958821296627391462e+01
1.633639381067710638e+09,-2.888080232097927150e-03,6.764352437649903127e-01,1.314038209309653094e-01,8.958716266310595699e+01
1.633639381071442842e+09,-2.886627943617531885e-03,6.764377488981557773e-01,1.313770094358532869e-01,8.958630215452195955e+01
1.633639381074257135e+09,-2.886742438653953306e-03,6.764426597904771299e-01,1.313527612974816905e-01,8.958483073523503037e+01
1.633639381134809017e+09,-2.888215491405265838e-03,6.764772604787084864e-01,1.309440690512306826e-01,8.957160197586838990e+01
1.633639381137248039e+09,-2.888215491405265838e-03,6.764772604787084864e-01,1.309440690512306826e-01,8.957160197586838990e+01
1.633639381141071558e+09,-2.888211595501516057e-03,6.764785186335342537e-01,1.309147665107593672e-01,8.957072506033618708e+01
1.633639381208182335e+09,-2.890231747178857898e-03,6.764949289198488591e-01,1.304203185462206871e-01,8.956106259448300477e+01
1.633639381210866690e+09,-2.888244752213210437e-03,6.764954686873163592e-01,1.303900002406400138e-01,8.956067798924314616e+01
1.633639381214590311e+09,-2.890222020880764148e-03,6.764960347977666544e-01,1.303603084569084081e-01,8.956038212222941297e+01
1.633639381216836452e+09,-2.890222020880764148e-03,6.764960347977666544e-01,1.303603084569084081e-01,8.956038212222941297e+01
1.633639381288261890e+09,-2.890235916623187188e-03,6.764963242692983991e-01,1.298030765457952040e-01,8.955285229725839713e+01
